"country","abbreviation","avg_height","calling_code","capital_city","continent","currency_name","religion","currency_code","domain_tld","elevation","north","south","west","east","government_type","independence_date","iso_numeric","landlocked","life_expectancy","national_symbol","national_dish","population_density","population","region_in_world","surface_area","yearly_average_temperature","median_age_2018","iso2","iso3"
Afghanistan,AF,,93.0,Kabul,Asia,Afghanistan Afghani,Islam,AFN,.af,,38.4834,29.3775,60.4784,74.8794,Islamic Emirate,1919.0,4.0,1.0,45.9,,Kabuli Palaw,56.93776001,37172386,Southern and Central Asia,652090.0,12.6,18.9,AF,AFG
Albania,AL,,355.0,Tirana,Europe,Albanian Lek,Islam,ALL,.al,,42.6656,39.6484,19.294,21.0685,Republic,1912.0,8.0,0.0,71.6,,Tavë kosi,104.6122628,2866376.0,Southern Europe,28748.0,11.4,32.9,AL,ALB
Algeria,DZ,170.2,213.0,Alger,Africa,Algerian Dinar,Islam,DZD,.dz,800.0,37.0937,18.96,-8.67387,11.9795,Republic,1962.0,12.0,0.0,69.7,,Couscous,17.73007507,42228429,Northern Africa,2381741.0,22.5,28.1,DZ,DZA
American Samoa,AS,,1684.0,Fagatogo,Oceania,US dollar,Christianity,USD,.as,,-11.0497,-14.3825,-171.092,-169.416,US Territory,,16.0,0.0,75.1,,,277.325,55465.0,Polynesia,199.0,,25.5,AS,ASM
Andorra,AD,,376.0,Andorra la Vella,Europe,Euro,Christianity,EUR,.ad,1996.0,42.656,42.4285,1.40719,1.78654,Parliamentary Coprincipality,1278.0,20.0,1.0,83.5,,,163.8425532,77006.0,Southern Europe,468.0,7.6,44.3,AD,AND
Angola,AO,,244.0,Luanda,Africa,Angolan Kwanza,Christianity,AOA,.ao,1112.0,-4.37683,-18.0421,11.6792,24.0821,Republic,1975.0,24.0,0.0,38.3,,Moamba de galinha,24.71305206,30809762,Central Africa,1246700.0,21.55,15.9,AO,AGO
Anguilla,AI,,1264.0,The Valley,North America,East Caribbean Dollar,Christianity,XCD,.ai,,18.2834,18.1668,-63.1729,-62.9714,Dependent Territory of the UK,,660.0,0.0,76.1,,,167.0,15094.0,Caribbean,96.0,,34.8,AI,AIA
Antarctica,AQ,,,,Antarctica,East Caribbean Dollar,,XCD,.aq,2300.0,-60.5155,-89.9999,-180.0,180.0,Co-administrated,,10.0,0.0,,,,0.0035,1106.0,Antarctica,13120000,,,AQ,ATA
Antigua and Barbuda,AG,,1268.0,Saint John's,North America,East Caribbean Dollar,Christianity,XCD,.ag,,17.7294,16.997,-61.9064,-61.6724,Constitutional Monarchy,1981.0,28.0,0.0,70.5,,"Pepperpot, Fungee",218.8318182,96286.0,Caribbean,442.0,26.0,31.9,AG,ATG
Argentina,AR,171.3,54.0,Buenos Aires,South America,Argentine Peso,Christianity,ARS,.ar,595.0,-21.7813,-55.0613,-73.583,-53.5918,Federal Republic,1816.0,32.0,0.0,75.1,,Asado,16.2585101,44494502,South America,2780400.0,14.8,31.7,AR,ARG
Armenia,AM,,374.0,Yerevan,Asia,Armenian Dram,Christianity,AMD,.am,1792.0,41.3018,38.8305,43.4498,46.7724,Republic,1991.0,51.0,1.0,66.4,,"Harissa, Dolma, Khorovats",103.6802248,2951776.0,Middle East,29800.0,7.15,35.1,AM,ARM
Aruba,AW,,297.0,Oranjestad,North America,Aruban Guilder,Christianity,AWG,.aw,,12.6237,12.4117,-70.0645,-69.8658,Nonmetropolitan Territory of The Netherlands,,533.0,0.0,78.4,,Keshi yena,588.0277778,105845.0,Caribbean,193.0,,39.3,AW,ABW
Australia,AU,176.3,61.0,Canberra,Oceania,Australian Dollar,Christianity,AUD,.au,330.0,-10.0628,-43.644,112.911,153.639,Federation Constitutional Monarchy,1901.0,36.0,0.0,79.8,animal,"Meat pie,Roast lamb",3.249129487,24982688,Australia and New Zealand,7741220.0,21.65,38.7,AU,AUS
Austria,AT,177.0,43.0,Wien,Europe,Euro,Christianity,EUR,.at,910.0,49.0212,46.3727,9.53095,17.1621,Federal Republic,1918.0,40.0,1.0,77.7,,"Wiener schnitzel, Tafelspitz",107.2069267,8840521.0,Western Europe,83859.0,6.35,44.0,AT,AUT
Azerbaijan,AZ,172.0,994.0,Baku,Asia,Azerbaijan New Manat,Islam,AZN,.az,384.0,41.9056,38.3892,44.7741,50.3701,Federal Republic,1991.0,31.0,1.0,62.9,,Dolma,120.2653199,9939800.0,Middle East,86600.0,11.95,32.3,AZ,AZE
Bahamas,BS,,1242.0,Nassau,North America,Bahamian Dollar,Christianity,BSD,.bs,,26.9192,22.8527,-78.9959,-74.4239,Constitutional Monarchy,1973.0,44.0,0.0,71.1,,Crack conch with peas and rice,38.52547453,385640.0,Caribbean,13878.0,24.85,,BS,BHS
Bahrain,BH,165.6,973.0,al-Manama,Asia,Bahraini Dinar,Islam,BHD,.bh,,26.2826,25.7969,50.4541,50.6645,Monarchy (Emirate),1971.0,48.0,0.0,73.0,,Machboos,2017.2737,1569439.0,Middle East,694.0,27.15,32.3,BH,BHR
Bangladesh,BD,,880.0,Dhaka,Asia,Bangladeshi Taka,Islam,BDT,.bd,85.0,26.6319,20.7433,88.0283,92.6737,Republic,1971.0,50.0,0.0,60.2,Flower,"Rice, Fish, Chicken Korma",1239.579312,161356039,Southern and Central Asia,143998.0,25.0,26.7,BD,BGD
Barbados,BB,,1246.0,Bridgetown,North America,Barbados Dollar,Christianity,BBD,.bb,,13.3273,13.0398,-59.6489,-59.4204,Constitutional Monarchy,1966.0,52.0,0.0,73.0,Broken Trident,Cou-Cou and Flying Fish,666.6069767,286641.0,Caribbean,430.0,26.0,38.6,BB,BRB
Belarus,BY,,375.0,Minsk,Europe,Belarussian Ruble,Christianity,BYR,.by,160.0,56.1658,51.2564,23.1769,32.7708,Republic,1991.0,112.0,1.0,68.0,,Draniki,46.7287999,9483499.0,Eastern Europe,207600.0,6.15,40.0,BY,BLR
Belgium,BE,176.6,32.0,Bruxelles [Brussel],Europe,Euro,Christianity,EUR,.be,,51.5054,49.4936,2.54694,6.40386,Federation Constitutional Monarchy,1830.0,56.0,0.0,77.8,animal,Moules-frites,377.2149273,11433256,Western Europe,30518.0,9.55,41.4,BE,BEL
Belize,BZ,,501.0,Belmopan,North America,Belize Dollar,Christianity,BZD,.bz,173.0,18.4966,15.8893,-89.2248,-87.777,Constitutional Monarchy,1981.0,84.0,0.0,70.9,,Boil up,16.79399386,383071.0,Central America,22696.0,25.3,22.7,BZ,BLZ
Benin,BJ,,229.0,Porto-Novo,Africa,CFA Franc BCEAO,Christianity,XOF,.bj,273.0,12.4183,6.22575,0.774575,3.8517,Republic,1960.0,204.0,0.0,50.2,,,101.8539198,11485048,Western Africa,112622.0,27.55,18.2,BJ,BEN
Bermuda,BM,,1441.0,Hamilton,North America,Bermudian Dollar,Christianity,BMD,.bm,,32.3938,32.2466,-64.896,-64.652,Dependent Territory of the UK,,60.0,0.0,76.9,,Bermuda fish chowder,1184.592572,63973.0,North America,53.0,,43.4,BM,BMU
Bhutan,BT,,975.0,Thimphu,Asia,Bhutan Ngultrum,Buddhism,BTN,.bt,3280.0,28.3238,26.7076,88.7597,92.1252,Monarchy,1910.0,64.0,1.0,52.4,,Ema datshi,19.77752777,754394.0,Southern and Central Asia,47000.0,7.4,27.6,BT,BTN
Bolivia,BO,,591.0,La Paz,South America,Boliviano,Christianity,BOB,.bo,1192.0,-9.68057,-22.8961,-69.6408,-57.4581,Republic,1825.0,68.0,1.0,63.7,,Salteñas,10.48014585,11353142,South America,1098581.0,21.55,24.3,BO,BOL
Bosnia and Herzegovina,BA,,387.0,Sarajevo,Europe,,Christianity,BAM,.ba,500.0,45.2392,42.5461,15.7189,19.6222,Federal Republic,1992.0,70.0,0.0,71.5,,Bosnian pot,64.92048828,3323929.0,Southern Europe,51197.0,9.85,42.1,BA,BIH
Botswana,BW,,267.0,Gaborone,Africa,Botswana Pula,Christianity,BWP,.bw,1013.0,-17.7808,-26.9072,19.9995,29.3608,Republic,1966.0,72.0,1.0,39.3,,Seswaa,3.977424876,2254126.0,Southern Africa,581730.0,21.5,24.5,BW,BWA
Bouvet Island,BV,,,,Antarctica,Norwegian Krone,,NOK,.bv,,-54.4003,-54.4624,3.3355,3.48798,Dependent Territory of Norway,,74.0,0.0,,,,0.0,0.0,Antarctica,59.0,,,BV,BVT
Brazil,BR,169.5,55.0,Brasília,South America,Brazilian Real,Christianity,BRL,.br,320.0,5.26488,-33.7507,-73.9855,-32.393,Federal Republic,1822.0,76.0,0.0,62.9,,Feijoada,25.06171624,209469333,South America,8547403.0,24.95,34.3,BR,BRA
British Indian Ocean Territory,IO,,246.0,,Africa,US dollar,,USD,.io,,-5.26833,-7.43803,71.26,72.4932,Dependent Territory of the UK,,86.0,0.0,,,,58.3,0.0,Eastern Africa,78.0,,,IO,IOT
Brunei,BN,,,Bandar Seri Begawan,Asia,,Islam,BND,.bn,478.0,5.04717,4.00308,114.071,115.359,Monarchy (Sultanate),1984.0,96.0,0.0,73.6,,Ambuyat,81.39696395,428962.0,Southeast Asia,5765.0,26.85,30.2,BN,BRN
Bulgaria,BG,,359.0,Sofia,Europe,Bulgarian Lev,Christianity,BGN,.bg,472.0,44.2176,41.2421,22.3712,28.6122,Republic,1908.0,100.0,0.0,70.9,,"Banitsa, Bob chorba",64.70353721,7025037.0,Eastern Europe,110994.0,10.55,42.7,BG,BGR
Burkina Faso,BF,,226.0,Ouagadougou,Africa,CFA Franc BCEAO,Islam,XOF,.bf,297.0,15.0826,9.40111,-5.51892,2.4054,Republic,1960.0,854.0,1.0,46.7,,,72.19128289,19751535,Western Africa,274000.0,28.25,17.3,BF,BFA
Burundi,BI,,257.0,Bujumbura,Africa,Burundi Franc,Christianity,BIF,.bi,1504.0,-2.31012,-4.46571,28.9931,30.8477,Republic,1962.0,108.0,1.0,46.2,,,435.178271,11175378,Eastern Africa,27834.0,19.8,17.0,BI,BDI
Cambodia,KH,160.3,855.0,Phnom Penh,Asia,Kampuchean Riel,Buddhism,KHR,.kh,126.0,14.6864,10.4091,102.34,107.628,Constitutional Monarchy,1953.0,116.0,0.0,56.5,,Amok trey,92.05641287,16249798,Southeast Asia,181035.0,26.8,25.3,KH,KHM
Cameroon,CM,170.0,237.0,Yaound,Africa,CFA Franc BEAC,Christianity,XAF,.cm,667.0,13.0781,1.6525500000000002,8.49476,16.1921,Republic,1960.0,120.0,0.0,54.8,,Ndolé,53.34398891,25216237,Central Africa,475442.0,24.6,18.5,CM,CMR
Canada,CA,174.3,1.0,Ottawa,North America,Canadian Dollar,Christianity,CAD,.ca,487.0,83.1106,41.676,-141.0,-52.6363,"Constitutional Monarchy, Federation",1867.0,124.0,0.0,79.4,Flower,Kraft Dinner,4.075308214,37057765,North America,9970610.0,-5.35,42.2,CA,CAN
Cape Verde,CV,,,Praia,Africa,Cape Verde Escudo,Christianity,CVE,.cv,,17.1972,14.808,-25.3587,-22.6694,Republic,1975.0,132.0,0.0,68.9,,Cachupa,134.9297767,543767.0,Western Africa,4033.0,23.3,,CV,CPV
Cayman Islands,KY,,1345.0,George Town,North America,Cayman Islands Dollar,Christianity,KYD,.ky,,19.7617,19.263,-81.4328,-79.7273,Dependent Territory of the UK,,136.0,0.0,78.9,,,267.3916667,64174.0,Caribbean,264.0,,40.0,KY,CYM
Central African Republic,CF,,236.0,Bangui,Africa,CFA Franc BEAC,Christianity,XAF,.cf,635.0,11.0076,2.22051,14.4201,27.4634,Republic,1960.0,140.0,1.0,44.0,,,7.490412212,4666377.0,Central Africa,622984.0,24.9,19.7,CF,CAF
Chad,TD,,235.0,N'Djam,Africa,,Islam,XAF,.td,543.0,23.4504,7.44107,13.4735,24.0027,Republic,1960.0,148.0,1.0,50.5,,,12.29173364,15477751,Central Africa,1284000.0,26.55,17.8,TD,TCD
Chile,CL,169.2,56.0,Santiago de Chile,South America,Chilean Peso,Christianity,CLP,.cl,1871.0,-17.5076,-55.9256,-80.7859,-66.4176,Republic,1810.0,152.0,0.0,75.7,Other,Empanada,25.18944607,18729160,South America,756626.0,8.45,34.4,CL,CHL
China,CN,168.3,86.0,Peking,Asia,Yuan Renminbi,Unaffiliated Religions,CNY,.cn,1840.0,53.5609,15.7754,73.5577,134.774,People's Republic,-1523.0,156.0,0.0,71.4,,Peking Duck,148.3488333,1392730000,Eastern Asia,9572900.0,6.95,37.4,CN,CHN
Christmas Island,CX,,61.0,Flying Fish Cove,Oceania,Australian Dollar,,AUD,.cx,,-10.4124,-10.5705,105.533,105.713,Territory of Australia,,162.0,0.0,,,,10.39,1402.0,Australia and New Zealand,135.0,,,CX,CXR
Cocos (Keeling) Islands,CC,,61.0,West Island,Oceania, Australian Dollar,,AUD,.cc,,,,,,Territory of Australia,,,0.0,,,,40.46,596.0,Australia and New Zealand,14.0,,,CC,CCK
Colombia,CO,169.5,57.0,Santaf,South America,Colombian Peso,Christianity,COP,.co,593.0,13.3805,-4.2258700000000005,-81.7281,-66.8698,Republic,1810.0,170.0,0.0,70.3,,"Ajiaco, Bandeja paisa",44.74870212,49648685,South America,1138914.0,24.5,30.0,CO,COL
Comoros,KM,,269.0,Moroni,Africa,Comoros Franc,Islam,KMF,.km,,-11.3624,-12.3879,43.2158,44.5382,Republic,1975.0,174.0,0.0,60.0,,,447.2444775,832322.0,Eastern Africa,1862.0,25.55,19.9,KM,COM
Congo,CG,,242.0,Brazzaville,Africa,CFA Franc BEAC,Christianity,XAF,.cg,430.0,,,,,Republic,1960.0,,0.0,47.4,,,15.35684627,5244363.0,Central Africa,342000.0,,19.7,CG,COG
Cook Islands,CK,,682.0,Avarua,Oceania,New Zealand Dollar,Christianity,NZD,.ck,,-10.0231,-21.9442,-161.094,-157.312,Nonmetropolitan Territory of New Zealand,,184.0,0.0,71.1,,,73.0,17379.0,Polynesia,236.0,,36.5,CK,COK
Costa Rica,CR,,506.0,San Jos,North America,Costa Rican Colon,Christianity,CRC,.cr,746.0,11.2168,8.03298,-85.9506,-82.556,Republic,1821.0,188.0,0.0,75.8,,Gallo pinto,97.91306306,4999441.0,Central America,51100.0,24.8,31.3,CR,CRI
Croatia,HR,177.6,385.0,Zagreb,Europe,Croatian Kuna,Christianity,HRK,.hr,331.0,46.5387,42.4359,13.4932,19.4274,Republic,1991.0,191.0,0.0,73.7,,Istrian stew,73.077198,4087843.0,Southern Europe,56538.0,10.9,43.0,HR,HRV
Cuba,CU,,53.0,La Habana,North America,Cuban Peso,Christianity,CUP,.cu,108.0,23.226,19.8281,-84.9574,-74.1318,Socialistic Republic,1902.0,192.0,0.0,76.2,,"Ropa vieja, Moros y cristianos",108.9995962,11338138,Caribbean,110861.0,25.2,41.5,CU,CUB
Cyprus,CY,,357.0,Nicosia,Asia,Euro,Christianity,EUR,.cy,91.0,35.7015,34.6333,32.2731,34.5979,Republic,1960.0,196.0,0.0,76.7,,Fasolada,128.7083333,1189265.0,Middle East,9251.0,18.45,36.8,CY,CYP
Czech Republic,CZ,178.3,420.0,Praha,Europe,,Unaffiliated Religions,CZK,.cz,433.0,51.0589,48.5429,12.0962,18.8601,Republic,1993.0,203.0,1.0,74.5,,roast pork with dumplings and sauerkraut,137.6028879,10629928,Eastern Europe,78866.0,7.55,42.1,CZ,CZE
Denmark,DK,178.8,45.0,Copenhagen,Europe,Danish Krone,Christianity,DKK,.dk,34.0,57.7484,54.5624,8.07561,15.1588,Constitutional Monarchy,800.0,208.0,0.0,76.5,animal,fried pork and potato-based dish,138.0673017,5793636.0,Nordic Countries,43094.0,7.5,42.2,DK,DNK
Djibouti,DJ,,253.0,Djibouti,Africa,Djibouti Franc,Islam,DJF,.dj,430.0,12.7068,10.9099,41.7735,43.417,Republic,1977.0,262.0,0.0,50.8,,,41.36842105,958920.0,Eastern Africa,23200.0,28.0,23.9,DJ,DJI
Dominica,DM,,1767.0,Roseau,North America,East Caribbean Dollar,Christianity,XCD,.dm,,15.6318,15.2017,-61.4841,-61.2442,Republic,1978.0,212.0,0.0,73.4,animal,"Mountain chicken, Fish broth",95.5,71625.0,Caribbean,751.0,22.35,33.5,DM,DMA
Dominican Republic,DO,,1849.0,Santo Domingo de Guzm,North America,Dominican Peso,Christianity,DOP,.do,424.0,19.9299,17.5432,-72.0035,-68.32,Republic,1844.0,214.0,0.0,73.2,,"rice, red beans, and meat",219.9785759,10627165,Caribbean,48511.0,24.55,28.1,DO,DOM
East Timor,TP,,670.0,Dili,Asia,US dollar,,USD,.tl,,-8.13583,-9.46363,124.046,127.309,Administrated by the UN,,626.0,0.0,46.0,,,85.27,1267972.0,Southeast Asia,14874.0,25.25,18.9,,
Ecuador,EC,,593.0,Quito,South America,Ecuador Sucre,Christianity,ECS,.ec,1117.0,1.43902,-4.99882,-81.0786,-75.1846,Republic,1822.0,218.0,0.0,71.1,,"Encebollado, Fritada,Guatitas,",68.78868175,17084357,South America,283561.0,21.85,27.7,EC,ECU
Egypt,EG,170.3,20.0,Cairo,Africa,Egyptian Pound,Islam,EGP,.eg,321.0,31.6673,21.7254,24.6981,36.8983,Republic,1922.0,818.0,0.0,63.3,,"Ful medames, kushari,",98.87346929,98423595,Northern Africa,1001449.0,22.1,23.9,EG,EGY
El Salvador,SV,,503.0,San Salvador,North America,El Salvador Colon,Christianity,SVC,.sv,442.0,14.4451,13.1487,-90.1287,-87.6922,Republic,1841.0,222.0,0.0,69.7,,Pupusa,309.8814672,6420744.0,Central America,21041.0,24.45,27.1,SV,SLV
Equatorial Guinea,GQ,,240.0,Malabo,Africa,CFA Franc BEAC,Christianity,XAF,.gq,577.0,2.34699,0.9208600000000001,9.34686,11.3357,Republic,1968.0,226.0,0.0,53.6,,,46.66573975,1308974.0,Central Africa,28051.0,24.55,19.8,GQ,GNQ
Eritrea,ER,175.8,291.0,Asmara,Africa,Eritrean Nakfa,Christianity,ERN,.er,853.0,18.0031,12.3596,36.4388,43.1346,Republic,1993.0,232.0,0.0,55.8,animal,"Zigini with injera, Gored gored, raw meat",35.0,3213972.0,Eastern Africa,117600.0,25.5,19.7,ER,ERI
Estonia,EE,177.1,372.0,Tallinn,Europe,Euro,Unaffiliated Religions,EUR,.ee,61.0,59.6762,57.5162,21.8376,28.21,Republic,1991.0,233.0,0.0,69.5,,sauerkraut stew,30.38610536,1321977.0,Baltic Countries,45227.0,5.1,42.7,EE,EST
Ethiopia,ET,,251.0,Addis Abeba,Africa,Ethiopian Birr,Christianity,ETB,.et,1330.0,14.8938,3.40242,32.9999,47.9862,Republic,-1000.0,231.0,1.0,45.2,animal,"Wat with injera, Fit-fit",109.224559,109224559,Eastern Africa,1104300.0,22.2,17.9,ET,ETH
Falkland Islands,FK,,500.0,Stanley,South America,,Christianity,FKP,.fk,,-51.2407,-52.3605,-61.3452,-57.7125,Dependent Territory of the UK,,238.0,0.0,,,,0.28,2840.0,South America,12173.0,,,FK,FLK
Faroe Islands,FO,,298.0,Tórshavn,Europe, Danish Krone,,DKK,,,62.4007,61.3949,-7.458,-6.39958,Part of Denmark,,234.0,0.0,78.4,,,34.73996983,48497.0,Nordic Countries,1399.0,,37.6,FO,FRO
Fiji Islands,FJ,,,Suva,Oceania,,,FJD,.fj,,,,,,Republic,1970.0,,0.0,67.9,,,48.35703339,883483.0,Melanesia,18274.0,,,FJ,FJI
Finland,FI,178.4,358.0,Helsinki [Helsingfors],Europe,Euro,Christianity,EUR,.fi,164.0,70.0961,59.8088,20.5569,31.5809,Republic,1917.0,246.0,0.0,77.4,,"Karjalanpaisti,Mämmi, Sautéed reindeer",18.15685565,5515525.0,Nordic Countries,338145.0,1.7000000000000002,42.5,FI,FIN
France,FR,174.1,33.0,Paris,Europe,Euro,Christianity,EUR,.fr,375.0,51.0928,41.3716,-5.14222,9.56156,Republic,843.0,250.0,0.0,78.8,Flower,"Crêpe, Pot-au-feu,Macaron, Bisque",122.3383957,66977107,Western Europe,551500.0,10.7,41.4,FR,FRA
French Guiana,GF,,594.0,Cayenne,South America,Euro,Christianity,EUR,.gf,168.0,5.7765,2.12709,-54.5425,-51.6139,Overseas Department of France,,254.0,0.0,76.1,,,3.5,290691.0,South America,90000.0,,,GF,GUF
French Polynesia,PF,,689.0,Papeete,Oceania,,Christianity,XPF,.pf,,-7.90357,-27.6536,-152.877,-134.93,Nonmetropolitan Territory of France,,258.0,0.0,74.8,,,75.86857923,277679.0,Polynesia,4000.0,,31.9,PF,PYF
French Southern territories,TF,,,,Antarctica,Euro,,EUR,.tf,,-37.7907,-49.7352,50.1703,77.5988,Nonmetropolitan Territory of France,,260.0,0.0,,,,0.0,0.0,Antarctica,7780.0,,,TF,ATF
Gabon,GA,,241.0,Libreville,Africa,CFA Franc BEAC,Christianity,XAF,.ga,377.0,2.32261,-3.97881,8.69547,14.5023,Republic,1960.0,266.0,0.0,50.1,,Poulet Nyembwe,8.224764233,2119275.0,Central Africa,267668.0,25.05,18.6,GA,GAB
Gambia,GM,170.0,220.0,Banjul,Africa,Gambian Dalasi,Islam,GMD,.gm,34.0,13.8266,13.0643,-16.8251,-13.7978,Republic,1965.0,270.0,0.0,53.2,,,225.3065217,2280102.0,Western Africa,11295.0,,21.0,GM,GMB
Georgia,GE,,995.0,Tbilisi,Asia,Georgian Lari,Christianity,GEL,.ge,1432.0,43.5865,41.0532,40.0101,46.726,Republic,1991.0,268.0,0.0,64.5,,"Khachapuri, khinkali",65.27520207,3726549.0,Middle East,69700.0,5.8,38.1,GE,GEO
Germany,DE,177.4,49.0,Berlin,Europe,Euro,Christianity,EUR,.de,263.0,55.0556,47.2758,5.86564,15.0399,Federal Republic,1955.0,276.0,0.0,77.4,Flower,"Currywurst, Sauerbraten, Bratwurst",237.3709698,82905782,Western Europe,357022.0,8.5,47.1,DE,DEU
Ghana,GH,169.8,233.0,Accra,Africa,Ghanaian Cedi,Christianity,GHS,.gh,190.0,11.1733,4.73672,-3.25542,1.19178,Republic,1957.0,288.0,0.0,57.4,,Fufu,130.8214292,29767108,Western Africa,238533.0,27.2,21.1,GH,GHA
Gibraltar,GI,,350.0,Gibraltar,Europe,Gibraltar Pound,Christianity,GIP,.gi,,36.1554,36.109,-5.3662600000000005,-5.33828,Dependent Territory of the UK,,292.0,0.0,79.0,,,3371.8,33718.0,Southern Europe,6.0,,34.7,GI,GIB
Greece,GR,175.7,30.0,Athenai,Europe,Euro,Christianity,EUR,.gr,498.0,41.7485,34.8021,19.3736,28.2471,Republic,1830.0,300.0,0.0,78.4,,"Fasolada,Moussaka, Souvlaki",83.22473235,10731726,Southern Europe,131626.0,15.4,44.5,GR,GRC
Greenland,GL,,299.0,Nuuk,North America,Danish Krone,Christianity,DKK,.gl,1792.0,83.6274,59.7774,-73.042,-11.3123,Part of Denmark,,304.0,0.0,68.1,,Kiviak,0.136496528,56025.0,North America,2166090.0,,,GL,GRL
Grenada,GD,,1473.0,Saint George's,North America,East Carribean Dollar,Christianity,XCD,.gd,,12.3183,11.9869,-61.8023,-61.5768,Constitutional Monarchy,1974.0,308.0,0.0,64.5,,Oil Down,327.8058824,111454.0,Caribbean,344.0,26.65,31.5,GD,GRD
Guadeloupe,GP,,590.0,Basse-Terre,North America,Euro,Christianity,EUR,.gp,,16.5168,15.8676,-61.5448,-61.0,Overseas Department of France,,312.0,0.0,77.0,,,243.1,395700.0,Caribbean,1705.0,,,GP,GLP
Guam,GU,,1671.0,Aga,Oceania,US dollar,Christianity,USD,.gu,,13.6544,13.2338,144.618,144.957,US Territory,,316.0,0.0,77.8,,,306.9777778,165768.0,Micronesia,549.0,,29.0,GU,GUM
Guatemala,GT,,502.0,Ciudad de Guatemala,North America,Guatemalan Quetzal,Christianity,QTQ,.gt,759.0,17.8152,13.7373,-92.2363,-88.2232,Republic,1821.0,320.0,0.0,66.2,,"Fiambre, Pepian (hearty meat stew)",160.9537794,17247807,Central America,108889.0,23.45,22.1,GT,GTM
Guernsey,GG,,,,,,,,,,,,,,,,,,,,,,,,,,43.8,GG,GGY
Guinea,GN,,224.0,Conakry,Africa,Guinea Franc,Islam,GNF,.gn,472.0,12.6762,7.19355,-14.9266,-7.64107,Republic,1958.0,324.0,0.0,45.6,,,50.52221227,12414318,Western Africa,245857.0,25.7,18.9,GN,GIN
Guinea-Bissau,GW,,245.0,Bissau,Africa,,Islam,CFA,.gw,70.0,12.6808,10.9243,-16.7175,-13.6365,Republic,1974.0,624.0,0.0,49.0,,,66.65394737,1874309.0,Western Africa,36125.0,26.75,20.1,GW,GNB
Guyana,GY,,592.0,Georgetown,South America,Guyana Dollar,Christianity,GYD,.gy,207.0,8.55757,1.17508,-61.3848,-56.4803,Republic,1966.0,328.0,0.0,64.0,animal,Pepperpot,3.957348235,779004.0,South America,214969.0,26.0,26.2,GY,GUY
Haiti,HT,,509.0,Port-au-Prince,North America,Haitian Gourde,Christianity,HTG,.ht,470.0,20.0878,18.021,-74.4786,-71.6134,Republic,1804.0,332.0,0.0,49.2,,Red beans and rice,403.5985486,11123176,Caribbean,27750.0,24.9,23.0,HT,HTI
Heard Island and McDonald Islands,HM,,,,Antarctica,Australian Dollar,,AUD,.hm,,-52.9094,-53.192,72.5965,73.8591,Territory of Australia,,334.0,0.0,,,,0.0,0.0,Antarctica,359.0,,,HM,HMD
Holy See (Vatican City State),VA,,,Citt,Europe,Euro,,EUR,.va,,,,,,Independent Church State,1929.0,,,,,,924.0,825.0,Southern Europe,0.4,,,VA,VAT
Honduras,HN,,504.0,Tegucigalpa,North America,Honduran Lempira,Christianity,HNL,.hn,684.0,16.5103,12.9824,-89.3508,-83.1554,Republic,1838.0,340.0,0.0,69.9,,"Baleada, Carne asada, Sopa de Caracol (Conch Soup)",85.68703191,9587522.0,Central America,112088.0,23.5,23.0,HN,HND
Hong Kong,HK,168.5,852.0,Victoria,Asia,Hong Kong Dollar,Unaffiliated Religions,HKD,.hk,,22.5598,22.1532,113.838,114.435,Special Administrative Region of China,,344.0,0.0,79.5,Flower,Char siu,7096.190476,7451000.0,Eastern Asia,1075.0,,44.4,HK,HKG
Hungary,HU,175.3,36.0,Budapest,Europe,Hungarian Forint,Christianity,HUF,.hu,143.0,48.5857,45.7436,16.1119,22.906,Republic,1918.0,348.0,1.0,71.4,,"Gulyás,",107.9066055,9775564.0,Eastern Europe,93030.0,9.75,42.3,HU,HUN
Iceland,IS,179.8,354.0,Reykjav,Europe,Iceland Krona,Christianity,ISK,.is,557.0,66.5346,63.3933,-24.5465,-13.4958,Republic,1944.0,352.0,0.0,79.4,,"Hákarl, Þorramatur",3.526922693,352721.0,Nordic Countries,103000.0,1.75,36.5,IS,ISL
India,IN,162.3,91.0,New Delhi,Asia,Indian Rupee,Hinduism,INR,.in,160.0,35.5042,6.74714,68.1867,97.4033,Federal Republic,1947.0,356.0,0.0,62.5,animal,No officially announced national dish,454.9380726,1352617328,Southern and Central Asia,3287263.0,23.65,28.1,IN,IND
Indonesia,ID,161.5,62.0,Jakarta,Asia,Indonesian Rupiah,Islam,IDR,.id,367.0,5.90442,-10.9419,95.0093,141.022,Republic,1945.0,360.0,0.0,70.1,,"Tumpeng Sate,Soto,Nasi goreng",147.7521901,267663435,Southeast Asia,1904569.0,25.85,30.2,ID,IDN
Iran,IR,170.6,98.0,Tehran,Asia,Iranian Rial,Islam,IRR,.ir,1305.0,39.7772,25.0641,44.0473,63.3175,Islamic Republic,1906.0,364.0,0.0,69.7,Flower,"Chelo kabab, Ghormeh sabzi",50.22242012,81800269,Southern and Central Asia,1648195.0,17.25,30.3,IR,IRN
Iraq,IQ,165.4,964.0,Baghdad,Asia,Iraqi Dinar,Islam,IQD,.iq,312.0,37.378,29.0694,38.7959,48.5759,Republic,1932.0,368.0,0.0,66.5,,"Samak masgouf,Kleicha",88.53057004,38433600,Middle East,438317.0,21.4,20.0,IQ,IRQ
Ireland,IE,175.0,353.0,Dublin,Europe,Euro,Christianity,EUR,.ie,118.0,55.3879,51.4516,-10.4786,-6.00239,Republic,1921.0,372.0,0.0,76.8,Flower,"Colcannon,Irish stew",70.45298302,4867309.0,British Isles,70273.0,,36.8,IE,IRL
Isle of Man,IM,,,,,,Christianity,,,,,,,,,,,,,,,,,,,,44.2,IM,IMN
Israel,IL,175.0,972.0,Jerusalem,Asia,Israeli New Shekel,Judaism,ILS,.il,508.0,33.3401,29.4966,34.2703,35.8768,Republic,1948.0,376.0,0.0,78.6,Other,"Hummus, falafel, Meorav Yerushalmi",410.5268022,8882800.0,Middle East,21056.0,19.2,29.9,IL,ISR
Italy,IT,173.2,39.0,Roma,Europe,Euro,Christianity,EUR,.it,538.0,47.0952,36.6528,6.61489,18.5134,Republic,1861.0,380.0,0.0,79.0,Flower,"Pasta,Polenta,Pizza, Risotto",205.4507479,60421760,Southern Europe,301316.0,13.45,45.5,IT,ITA
Ivory Coast,CI,170.4,225.0,Yamoussoukro,Africa,CFA Franc BCEAO,,XOF,.ci,250.0,10.7366,4.35707,-8.5993,-2.4949,Republic,1960.0,384.0,0.0,45.2,animal,"Fufu, Kedjenou",78.83405346,25069229,Western Africa,322463.0,26.35,20.9,CI,CIV
Jamaica,JM,172.8,1876.0,Kingston,North America,Jamaican Dollar,Christianity,JMD,.jm,18.0,18.527,17.7036,-78.3666,-76.1803,Constitutional Monarchy,1962.0,388.0,0.0,75.2,,"Ackee and Saltfish, Jamaican patty",270.9930748,2934855.0,Caribbean,10990.0,24.95,26.0,JM,JAM
Japan,JP,168.6,81.0,Tokyo,Asia,Japanese Yen,Unaffiliated Religions,JPY,.jp,438.0,45.5231,24.2495,122.939,145.821,Constitutional Monarchy,-660.0,392.0,0.0,80.7,Flower,"Sushi, Japanese curry,Ramen",347.0734584,126529100,Eastern Asia,377829.0,11.15,47.3,JP,JPN
Jersey,JE,,,,,,,,,,,,,,,,,,,,,,,,,,38.0,JE,JEY
Jordan,JO,,962.0,Amman,Asia,Jordanian Dinar,Islam,JOD,.jo,812.0,33.3677,29.1859,34.96,39.3012,Constitutional Monarchy,1946.0,400.0,0.0,77.4,,Mansaf,112.1424983,9956011.0,Middle East,88946.0,18.3,22.5,JO,JOR
Kazakhstan,KZ,,7.0,Astana,Asia,,Islam,KZT,.kz,,,,,,Republic,1991.0,,1.0,63.2,,,6.769825907,18272430,Southern and Central Asia,2724900.0,,30.6,KZ,KAZ
Kenya,KE,,254.0,Nairobi,Africa,Kenyan Shilling,Christianity,KES,.ke,762.0,5.01994,-4.67805,33.9089,41.8991,Republic,1963.0,404.0,0.0,48.0,,"Ugali, Sukuma wiki, Nyama choma",90.29941666,51393010,Eastern Africa,580367.0,24.75,19.7,KE,KEN
Kiribati,KI,,686.0,Bairiki,Oceania,Australian Dollar,Christianity,AUD,.ki,,4.71957,-11.4469,169.556,-150.215,Republic,1979.0,296.0,0.0,59.8,,,143.0209877,115847.0,Micronesia,726.0,28.2,24.6,KI,KIR
Kuwait,KW,,965.0,Kuwait,Asia,Kuwaiti Dinar,Islam,KWD,.kw,108.0,30.0959,28.5246,46.5556,48.4315,Constitutional Monarchy (Emirate),1961.0,414.0,0.0,76.1,,Machboos,232.1722222,4137309.0,Middle East,17818.0,25.35,29.3,KW,KWT
Kyrgyzstan,KG,,996.0,Bishkek,Asia,Som,Islam,KGS,.kg,2988.0,43.2382,39.1728,69.2766,80.2832,Republic,1991.0,417.0,1.0,63.4,,"Beshbarmak, Laghman, Kuurdak",32.92909281,6322800.0,Southern and Central Asia,199900.0,1.55,26.5,KG,KGZ
Laos,LA,,856.0,Vientiane,Asia,Lao Kip,Buddhism,LAK,.la,710.0,22.5004,13.91,100.093,107.697,Republic,1953.0,418.0,1.0,53.1,,"Tum Mak Hoong (Som Tum, its Thai name)",30.59578423,7061507.0,Southeast Asia,236800.0,22.8,23.0,LA,LAO
Latvia,LV,,371.0,Riga,Europe,Latvian Lats,Christianity,LVL,.lv,87.0,58.0823,55.6689,20.9743,28.2412,Republic,1991.0,428.0,0.0,68.4,,Latke,30.98330653,1927174.0,Baltic Countries,64589.0,5.6,43.6,LV,LVA
Lebanon,LB,174.2,961.0,Beirut,Asia,Lebanese Pound,Islam,LBP,.lb,1250.0,34.6914,33.0539,35.1143,36.6392,Republic,1941.0,422.0,0.0,71.3,Tree,Kibbeh,669.4941349,6848925.0,Middle East,10400.0,16.4,30.5,LB,LBN
Lesotho,LS,,266.0,Maseru,Africa,Lesotho Loti,Christianity,LSL,.ls,2161.0,-28.5721,-30.669,27.0291,29.4658,Constitutional Monarchy,1966.0,426.0,1.0,50.8,,,69.43781291,2108132.0,Southern Africa,30355.0,11.85,24.2,LS,LSO
Liberia,LR,,231.0,Monrovia,Africa,Liberian Dollar,Christianity,LRD,.lr,243.0,8.55179,4.35306,-11.4921,-7.36511,Republic,1847.0,430.0,0.0,51.0,,,50.03090739,4818977.0,Western Africa,111369.0,25.3,17.8,LR,LBR
Libyan Arab Jamahiriya,LY,,,Tripoli,Africa,,,LYD,.ly,,,,,,Socialistic State,1951.0,,0.0,75.5,,,3.795632381,6678567.0,Northern Africa,1759540.0,,,LY,LBY
Liechtenstein,LI,,423.0,Vaduz,Europe,Swiss Franc,Christianity,CHF,.li,,47.2706,47.0484,9.47167,9.63564,Constitutional Monarchy,1806.0,438.0,1.0,78.8,,,236.9375,37910.0,Western Europe,160.0,5.65,43.2,LI,LIE
Lithuania,LT,175.0,370.0,Vilnius,Europe,Lithuanian Litas,Christianity,LTL,.lt,110.0,56.4469,53.9013,20.9415,26.8719,Republic,1991.0,440.0,0.0,69.1,,Cepelinai,44.53135138,2801543.0,Baltic Countries,65301.0,6.2,43.7,LT,LTU
Luxembourg,LU,178.0,352.0,Luxembourg [Luxemburg/L,Europe,Euro,Christianity,EUR,.lu,325.0,50.1849,49.4466,5.73456,6.52847,Constitutional Monarchy,1867.0,442.0,1.0,77.1,,"Judd mat Gaardebounen, Bouneschlupp",250.0938272,607950.0,Western Europe,2586.0,8.65,39.3,LU,LUX
Macao,MO,,,Macao,Asia,,Folk Religions,MOP,.mo,,22.2223,22.1804,113.529,113.566,Special Administrative Region of China,,446.0,0.0,81.6,,,20777.50026,631636.0,Eastern Asia,18.0,,,MO,MAC
Madagascar,MG,,261.0,Antananarivo,Africa,Malagasy Franc,Christianity,MGF,.mg,615.0,-11.9454,-25.609,43.2249,50.4838,Federal Republic,1960.0,450.0,0.0,55.0,,Romazava,45.13985562,26262368,Eastern Africa,587041.0,22.65,19.7,MG,MDG
Malawi,MW,166.0,265.0,Lilongwe,Africa,Malawi Kwacha,Christianity,MWK,.mw,779.0,-9.36754,-17.125,32.674,35.9168,Republic,1964.0,454.0,1.0,37.6,,,192.4407616,18143315,Eastern Africa,118484.0,21.9,16.5,MW,MWI
Malaysia,MY,166.0,60.0,Kuala Lumpur,Asia,Malaysian Ringgit,Islam,MYR,.my,538.0,7.36342,0.8552219999999999,99.6434,119.268,Constitutional Monarchy,1957.0,458.0,0.0,70.8,,"Nasi lemak,Satay, Laksa, Roti canai",95.96282149,31528585,Southeast Asia,329758.0,25.4,28.5,MY,MYS
Maldives,MV,,960.0,Male,Asia,Maldive Rufiyaa,Islam,MVR,.mv,1.8,7.09159,-0.6926939999999999,72.6932,73.6373,Republic,1965.0,462.0,0.0,62.2,,,1718.986667,515696.0,Southern and Central Asia,298.0,27.65,28.2,MV,MDV
Mali,ML,172.5,223.0,Bamako,Africa,CFA Franc BCEAO,Islam,XOF,.ml,343.0,25.0,10.1595,-12.2426,4.24497,Republic,1960.0,466.0,1.0,46.7,,,15.63501586,19077690,Western Africa,1240192.0,28.25,15.8,ML,MLI
Malta,MT,,356.0,Valletta,Europe,Euro,Christianity,EUR,.mt,,36.0822,35.8062,14.1834,14.5765,Republic,1964.0,470.0,0.0,77.9,,"Pastizzi, Rabbit Stew (Fenkata)",1511.03125,484630.0,Southern Europe,316.0,19.2,41.8,MT,MLT
Marshall Islands,MH,,692.0,Dalap-Uliga-Darrit,Oceania,US dollar,Christianity,USD,.mh,,14.62,5.58764,165.525,171.932,Republic,1990.0,584.0,0.0,65.5,,,324.5166667,58413.0,Micronesia,181.0,27.4,22.9,MH,MHL
Martinique,MQ,,596.0,Fort-de-France,North America,Euro,Christianity,EUR,.mq,,14.8788,14.3923,-61.2301,-60.8155,Overseas Department of France,,474.0,0.0,78.3,,,330.0,376480.0,Caribbean,1102.0,,,MQ,MTQ
Mauritania,MR,,222.0,Nouakchott,Africa,Mauritanian Ouguiya,Islam,MRO,.mr,276.0,27.2981,14.7155,-17.0665,-4.82767,Republic,1960.0,478.0,0.0,50.8,,"Thieboudienne, Couscous",4.272163578,4403319.0,Western Africa,1025520.0,27.65,20.5,MR,MRT
Mauritius,MU,,230.0,Port-Louis,Africa,Mauritius Rupee,Hinduism,MUR,.mu,,-10.3193,-20.5257,56.5127,63.5002,Republic,1968.0,480.0,0.0,71.0,,,623.3019704,1265303.0,Eastern Africa,2040.0,22.4,35.3,MU,MUS
Mayotte,YT,,262.0,Mamoutzou,Africa,Euro,Islam,EUR,.yt,,-12.6489,-13.0001,45.038,45.2929,Territorial Collectivity of France,,175.0,0.0,59.5,,,728.0,270372.0,Eastern Africa,373.0,,,YT,MYT
Mexico,MX,167.5,52.0,Ciudad de M,North America,Mexican Nuevo Peso,Christianity,MXN,.mx,1111.0,32.7168,14.5329,-118.454,-86.7034,Federal Republic,1810.0,484.0,0.0,71.5,,"Tacos, Mole poblano,Chiles en nogada",64.91462641,126190788,Central America,1958201.0,21.0,28.3,MX,MEX
"Micronesia, Federated States of",FM,,691.0,Palikir,Oceania,US dollar,,USD,,,,,,,Federal Republic,1990.0,,0.0,,,,160.9142857,112640.0,Micronesia,,,,FM,FSM
Moldova,MD,,373.0,Chisinau,Europe,Moldovan Leu,Christianity,MDL,.md,139.0,48.4902,45.4689,26.6189,30.1354,Republic,1991.0,498.0,1.0,64.5,,"Mamaliga, Sarmale, Racituri",123.5198035,2706049.0,Eastern Europe,33851.0,9.45,36.7,MD,MDA
Monaco,MC,,377.0,Monaco-Ville,Europe,Euro,Christianity,EUR,.mc,,43.752,43.7247,7.40896,7.43994,Constitutional Monarchy,1861.0,492.0,0.0,78.8,,,19196.0,38682.0,Western Europe,1.5,13.55,53.1,MC,MCO
Mongolia,MN,166.4,976.0,Ulan Bator,Asia,Mongolian Tugrik,Buddhism,MNT,.mn,1528.0,52.1543,41.5676,87.7497,119.924,Republic,1921.0,496.0,1.0,67.3,Other,Buuz,2.040608667,3170208.0,Eastern Asia,1566500.0,-0.7000000000000001,28.3,MN,MNG
Montenegro,ME,,,Podgorica,Europe,,Christianity,,,,42.7087,-42.7087,-19.3744,19.3744,,2006.0,382.0,,,,,,631219.0,,,,40.7,ME,MNE
Montserrat,MS,,1664.0,Plymouth,North America,East Caribbean Dollar,Christianity,XCD,.ms,,16.8241,16.6748,-62.2414,-62.1441,Dependent Territory of the UK,,500.0,0.0,78.0,,,50.0,5900.0,Caribbean,102.0,,33.2,MS,MSR
Morocco,MA,170.7,212.0,Rabat,Africa,Moroccan Dirham,Islam,MAD,.ma,909.0,35.9225,27.6621,-13.1686,-0.9917500000000001,Constitutional Monarchy,1956.0,504.0,0.0,69.1,,"Couscous, Tagine",80.72851893,36029138,Northern Africa,446550.0,17.1,29.3,MA,MAR
Mozambique,MZ,,258.0,Maputo,Africa,Mozambique Metical,Christianity,MZN,.mz,345.0,-10.4719,-26.8687,30.2173,40.843,Republic,1975.0,508.0,0.0,37.5,,,37.50853531,29495962,Eastern Africa,801590.0,23.8,17.2,MZ,MOZ
Myanmar,MM,,95.0,Rangoon (Yangon),Asia,Myanmar Kyat,Buddhism,MMR,.mm,,,,,,Republic,1948.0,,0.0,54.9,,,82.23861548,53708395,Southeast Asia,676578.0,13.05,28.2,MM,MMR
Namibia,NA,,264.0,Windhoek,Africa,Namibian Dollar,Christianity,NAD,.na,1141.0,-16.9599,-28.9714,11.7156,25.2567,Republic,1990.0,516.0,0.0,42.5,,,2.9737455820000003,2448255.0,Southern Africa,824292.0,19.95,21.2,,
Nauru,NR,,674.0,Yaren,Oceania,Australian Dollar,Christianity,AUD,.nr,,-0.504306,-0.552333,166.899,166.945,Republic,1968.0,520.0,0.0,60.8,,,635.2,12704.0,Micronesia,21.0,,26.4,NR,NRU
Nepal,NP,163.0,977.0,Kathmandu,Asia,Nepalese Rupee,Hinduism,NPR,.np,3265.0,30.4334,26.3567,80.0563,88.1993,Federal parliamentary republic,1769.0,524.0,1.0,57.8,animal,Dal bhat,195.9391071,28087871,Southern and Central Asia,147181.0,8.1,24.1,NP,NPL
Netherlands,NL,181.0,31.0,Amsterdam,Europe,Euro,Christianity,EUR,.nl,30.0,53.5122,50.7539,3.36256,7.22794,Constitutional Monarchy,1581.0,528.0,0.0,78.3,animal,"Stamppot, hutspot",511.4579104,17231624,Western Europe,41526.0,,42.6,NL,NLD
Netherlands Antilles,AN,,,Willemstad,North America,Netherlands Antillean Guilder,,ANG,.an,,,,,,Nonmetropolitan Territory of The Netherlands,,,0.0,74.7,,,80.0,227049.0,Caribbean,800.0,,,,
New Caledonia,NC,,687.0,Noum,Oceania,,Christianity,XPF,.nc,,-19.5498,-22.698,163.565,168.129,Nonmetropolitan Territory of France,,540.0,0.0,72.8,,,15.53938731,284060.0,Melanesia,18575.0,,32.0,NC,NCL
New Zealand,NZ,175.5,64.0,Wellington,Oceania,New Zealand Dollar,Christianity,NZD,.nz,388.0,-34.3897,-47.286,166.715,-180.0,Constitutional Monarchy,1907.0,554.0,0.0,77.8,animal,"Bacon and egg pie, lamb, pavlova",18.55417569,4841000.0,Australia and New Zealand,270534.0,10.55,37.9,NZ,NZL
Nicaragua,NI,,505.0,Managua,North America,Nicaraguan Cordoba Oro,Christianity,NIO,.ni,298.0,15.0259,10.7075,-87.6903,-82.7383,Republic,1838.0,558.0,0.0,68.7,,Gallo pinto,53.72704836,6465513.0,Central America,130000.0,24.9,25.7,NI,NIC
Niger,NE,,227.0,Niamey,Africa,CFA Franc BCEAO,Islam,XOF,.ne,474.0,23.525,11.697,0.16625,15.9956,Republic,1960.0,562.0,1.0,41.3,,,17.71765059,22442948,Western Africa,1267000.0,27.15,15.4,NE,NER
Nigeria,NG,165.0,234.0,Abuja,Africa,Nigerian Naira,Christianity,NGN,.ng,380.0,13.892,4.27714,2.66843,14.6801,Federal Republic,1960.0,566.0,0.0,51.6,,Jollof rice,215.064989,195874740,Western Africa,923768.0,26.8,18.4,NG,NGA
Niue,NU,,683.0,Alofi,Oceania,New Zealand Dollar,Christianity,NZD,.nu,,-18.9511,-19.1522,-169.951,-169.775,Nonmetropolitan Territory of New Zealand,,570.0,0.0,,,,5.35,1624.0,Polynesia,260.0,,,NU,NIU
Norfolk Island,NF,,672.0,Kingston,Oceania,Australian Dollar,,AUD,.nf,,-28.9952,-29.0631,167.915,167.998,Territory of Australia,,574.0,0.0,,,,61.9,2169.0,Australia and New Zealand,36.0,,,NF,NFK
North Korea,KP,,,Pyongyang,Asia,North Korean Won,Unaffiliated Religions,KPW,.kp,400.0,43.0061,37.6733,124.316,130.675,Socialistic Republic,1948.0,408.0,0.0,70.7,,"Galbi, Kimchi",212.1901752,25549819,Eastern Asia,120538.0,5.7,34.0,KP,PRK
North Macedonia,MK,,389.0,Skopje,Europe,Denar,,MKD,.mk,741.0,42.3618,40.8602,20.4647,23.0381,Republic,1991.0,807.0,1.0,73.8,,Tavče Gravče,82.6,2084367.0,Southern Europe,25713.0,,37.9,MK,MKD
Northern Ireland,GB,,,Belfast,Europe,,,GBP,,,,,,,,,,0.0,,,Ulster fry,133.0,1885400.0,,,,,GB,GBR
Northern Mariana Islands,MP,,1670.0,Garapan,Oceania,US dollar,Christianity,USD,.mp,,20.5534,14.1102,144.886,146.065,Commonwealth of the US,,580.0,0.0,75.5,,,123.6565217,56882.0,Micronesia,464.0,,33.6,MP,MNP
Norway,NO,179.7,47.0,Oslo,Europe,Norwegian Krone,Christianity,NOK,.no,460.0,71.1881,57.9779,4.65017,31.0781,Constitutional Monarchy,1905.0,578.0,0.0,78.7,animal,Fårikål,14.55491954,5311916.0,Nordic Countries,323877.0,1.5,39.2,NO,NOR
Oman,OM,,968.0,Masqat,Asia,Omani Rial,Islam,OMR,.om,310.0,26.388,16.6458,51.882,59.8366,Monarchy (Sultanate),1951.0,512.0,0.0,71.8,,,15.6041454,4829483.0,Middle East,309500.0,25.6,25.6,OM,OMN
Pakistan,PK,167.0,92.0,Islamabad,Asia,Pakistan Rupee,Islam,PKR,.pk,900.0,37.097,23.7867,60.8786,77.8409,Republic,1947.0,586.0,0.0,61.1,Other,"Biryani, Nihari",275.2893187,212215030,Southern and Central Asia,796095.0,20.2,23.8,PK,PAK
Palau,PW,,680.0,Koror,Oceania,US dollar,Christianity,USD,.pw,,8.46966,2.8036000000000003,131.118,134.723,Republic,1994.0,585.0,0.0,68.6,,,38.92826087,17907.0,Micronesia,459.0,27.6,33.4,PW,PLW
Panama,PA,,507.0,Ciudad de Panam,North America,Panamanian Balboa,Christianity,PAB,.pa,360.0,9.63751,7.19791,-83.0514,-77.1741,Republic,1903.0,591.0,0.0,75.5,,Sancocho de gallina,56.18607748,4176873.0,Central America,75517.0,25.4,29.2,PA,PAN
Papua New Guinea,PG,,675.0,Port Moresby,Oceania,Papua New Guinea Kina,Christianity,PGK,.pg,667.0,-1.31864,-11.6579,140.843,155.963,Constitutional Monarchy,1975.0,598.0,0.0,63.1,,,19.00436338,8606316.0,Melanesia,462840.0,25.25,23.1,PG,PNG
Paraguay,PY,169.0,595.0,Asunci,South America,Paraguay Guarani,Christianity,PYG,.py,178.0,-19.294,-27.6087,-62.6471,-54.2594,Republic,1811.0,600.0,1.0,73.7,,Sopa paraguaya,17.50835892,6956071.0,South America,406752.0,23.55,28.2,PY,PRY
Peru,PE,164.3,51.0,Lima,South America,Peruvian Nuevo Sol,Christianity,PEN,.pe,1555.0,-0.012976999999999999,-18.3497,-81.3267,-68.678,Republic,1821.0,604.0,0.0,70.0,,Ceviche,24.99160625,31989256,South America,1285216.0,19.6,28.0,PE,PER
Philippines,PH,162.0,63.0,Manila,Asia,Philippine Peso,Christianity,PHP,.ph,442.0,21.1206,4.64331,116.932,126.602,Republic,1946.0,608.0,0.0,67.5,,"Adobo,Lechon (both unofficial)",357.6883053,106651922,Southeast Asia,300000.0,25.85,23.5,PH,PHL
Pitcairn,PN,,,Adamstown,Oceania,,,NZD,.pn,,,,,,Dependent Territory of the UK,,,0.0,,,,10.0,67.0,Polynesia,49.0,,,PN,PCN
Poland,PL,176.0,48.0,Warszawa,Europe,Polish Zloty,Christianity,PLN,.pl,173.0,54.8391,49.0064,14.123,24.1507,Republic,1918.0,616.0,0.0,73.2,,"Bigos, Pierogi,Kotlet schabowy, Żurek",124.0358862,37974750,Eastern Europe,323250.0,7.85,40.7,PL,POL
Portugal,PT,170.5,351.0,Lisboa,Europe,Euro,Christianity,EUR,.pt,372.0,42.1543,36.9613,-9.50053,-6.18916,Republic,1143.0,620.0,0.0,75.8,,Bacalhau,112.2394535,10283822,Southern Europe,91982.0,15.15,42.2,PT,PRT
Puerto Rico,PR,,1939.0,San Juan,North America,US dollar,Christianity,USD,.pr,261.0,18.5202,17.9264,-67.9427,-65.2427,Commonwealth of the US,,630.0,0.0,75.6,,"Arroz con gandules, Mofongo",360.2201804,3195153.0,Caribbean,8875.0,,41.5,PR,PRI
Qatar,QA,,974.0,Doha,Asia,Qatari Rial,Islam,QAR,.qa,28.0,26.1547,24.4829,50.7572,51.6366,Monarchy,1971.0,634.0,0.0,72.4,,,239.5931955,2781677.0,Middle East,11000.0,27.15,33.2,QA,QAT
Reunion,RE,,262.0,Saint-Denis,Africa,Euro,Christianity,EUR,.re,,-20.8684,-21.3837,55.2122,55.8382,Overseas Department of France,,638.0,0.0,72.7,,,358.0,859959.0,Eastern Africa,2510.0,,,RE,REU
Romania,RO,172.0,40.0,Bucuresti,Europe,Romanian New Leu,Christianity,RON,.ro,414.0,48.2669,43.6273,20.27,29.6911,Republic,1878.0,642.0,0.0,69.9,,"Mămăligă, Sarmale, Mici",84.63984701,19466145,Eastern Europe,238391.0,8.8,41.1,RO,ROU
Russian Federation,RU,,7.0,Moscow,Europe,,,RUB,.ru,,,,,,Federal Republic,1991.0,,0.0,67.2,,,8.822079555,144478050,Eastern Europe,17075400,,39.6,RU,RUS
Rwanda,RW,,250.0,Kigali,Africa,Rwanda Franc,Christianity,RWF,.rw,1598.0,-1.05348,-2.84068,28.8568,30.896,Republic,1962.0,646.0,1.0,39.3,,,498.6598703,12301939,Eastern Africa,26338.0,17.85,19.0,RW,RWA
Saint Helena,SH,,290.0,Jamestown,Africa,St. Helena Pound,Christianity,SHP,.sh,,-7.88781,-16.0195,-14.4212,-5.63875,Dependent Territory of the UK,,654.0,0.0,76.8,,,37.3,6600.0,Western Africa,314.0,,,SH,SHN
Saint Kitts and Nevis,KN,,1869.0,Basseterre,North America,,Christianity,XCD,.kn,,17.4201,17.0953,-62.8696,-62.5433,Constitutional Monarchy,1983.0,659.0,0.0,70.7,,,201.6961538,52441.0,Caribbean,261.0,24.5,35.0,KN,KNA
Saint Lucia,LC,,1758.0,Castries,North America,East Caribbean Dollar,Christianity,XCD,.lc,,14.1032,13.7048,-61.0742,-60.8742,Constitutional Monarchy,1979.0,662.0,0.0,72.3,,,298.1786885,181889.0,Caribbean,622.0,25.5,34.8,LC,LCA
Saint Pierre and Miquelon,PM,,508.0,Saint-Pierre,North America,Euro,Christianity,EUR,.pm,,47.1463,46.786,-56.4207,-56.253,Territorial Collectivity of France,,666.0,0.0,77.6,,,26.0,5888.0,North America,242.0,,46.5,PM,SPM
Saint Vincent and the Grenadines,VC,,1784.0,Kingstown,North America,East Caribbean Dollar,Christianity,XCD,.vc,,13.3778,12.584,-61.4609,-61.1139,Constitutional Monarchy,1979.0,670.0,0.0,72.3,,,282.5897436,110210.0,Caribbean,388.0,26.8,33.6,VC,VCT
Samoa,WS,,685.0,Apia,Oceania,Samoan Tala,Christianity,WST,.ws,,-13.4322,-14.0409,-172.799,-171.416,Parlementary Monarchy,1962.0,882.0,0.0,69.2,,,69.30388693,196130.0,Polynesia,2831.0,26.7,24.4,WS,WSM
San Marino,SM,,378.0,San Marino,Europe,Euro,Christianity,EUR,.sm,,43.9922,43.8937,12.4035,12.5165,Republic,885.0,674.0,1.0,81.1,,Torta Tre Monti,563.0833333,33785.0,Southern Europe,61.0,11.85,44.4,SM,SMR
Sao Tome and Principe,ST,,239.0,S,Africa, Dobra,Christianity,STD,.st,,1.70132,0.024766,6.47017,7.46637,Republic,1975.0,678.0,0.0,65.3,,,219.8208333,211028.0,Central Africa,964.0,23.75,18.4,ST,STP
Saudi Arabia,SA,,966.0,Riyadh,Asia,Saudi Riyal,Islam,SAR,.sa,665.0,32.1583,15.6143,34.4957,55.6666,Monarchy,1932.0,682.0,0.0,67.8,,Kabsa,15.67665431,33699947,Middle East,2149690.0,24.65,27.5,SA,SAU
Senegal,SN,173.0,221.0,Dakar,Africa,CFA Franc BCEAO,Islam,XOF,.sn,69.0,16.6916,12.3073,-17.5352,-11.3559,Republic,1960.0,686.0,0.0,62.2,Tree,Thieboudienne,82.34747832,15854360,Western Africa,196722.0,27.85,18.8,SN,SEN
Serbia,RS,174.13,381.0,Belgrade,Europe,Serbian dinar,Christianity,RSD,.rs,2826.0,44.01,,,21.0059,Republic,2006.0,688.0,1.0,76.05,,,100.0,6963764.0,Central and Southeast Europe,88361.0,,42.6,RS,SRB
Seychelles,SC,,248.0,Victoria,Africa,Seychelles Rupee,Christianity,SCR,.sc,,-4.28372,-9.75387,46.2048,56.2977,Republic,1976.0,690.0,0.0,70.4,,,210.3521739,96762.0,Eastern Africa,455.0,27.15,35.4,SC,SYC
Sierra Leone,SL,,232.0,Freetown,Africa,Sierra Leone Leone,Islam,SLL,.sl,279.0,10.0,6.92961,-13.3076,-10.2842,Republic,1961.0,694.0,0.0,45.3,animal,,105.987171,7650154.0,Western Africa,71740.0,26.05,19.0,SL,SLE
Singapore,SG,166.6,65.0,Singapore,Asia,Singapore Dollar,Buddhism,SGD,.sg,,1.4712800000000001,1.2585600000000001,103.638,104.007,Republic,1965.0,702.0,0.0,80.1,,"Chilli crab,Hainanese Chicken Rice",7952.998418,5638676.0,Southeast Asia,618.0,26.45,34.6,SG,SGP
Slovakia,SK,,421.0,Bratislava,Europe,Euro,Christianity,EUR,.sk,458.0,49.6032,47.7281,16.8477,22.5704,Republic,1993.0,703.0,1.0,73.7,,Bryndzové halušky,113.2905782,5446771.0,Eastern Europe,49012.0,6.8,40.5,SK,SVK
Slovenia,SI,178.1,386.0,Ljubljana,Europe,Euro,Christianity,EUR,.si,492.0,46.8766,45.4218,13.3753,16.6106,Republic,1991.0,705.0,0.0,74.9,,"Ajdovi žganci, Belokranjska povitica, Obara",102.6398595,2073894.0,Southern Europe,20256.0,8.9,44.5,SI,SVN
Solomon Islands,SB,,677.0,Honiara,Oceania,Solomon Islands Dollar,Christianity,SBD,.sb,,-6.58961,-11.8506,155.509,166.981,Constitutional Monarchy,1978.0,90.0,0.0,71.3,,,23.32468739,652858.0,Melanesia,28896.0,25.65,22.5,SB,SLB
Somalia,SO,,252.0,Mogadishu,Africa,Somali Shilling,Islam,SOS,.so,410.0,11.9792,-1.67487,40.9866,51.4126,Republic,1960.0,706.0,0.0,46.2,,Canjeero with goat stew,23.9234769,15008154,Eastern Africa,637657.0,27.05,18.1,SO,SOM
South Africa,ZA,170.0,27.0,Pretoria,Africa,South African Rand,Christianity,ZAR,.za,1034.0,-22.1266,-34.8398,16.458,32.896,Republic,1910.0,710.0,0.0,51.1,,Bobotie,47.63011978,57779622,Southern Africa,1221037.0,17.75,27.1,ZA,ZAF
South Georgia and the South Sandwich Islands,GS,,500.0,,Antarctica,Pound Sterling,,GBP,.gs,,-53.9705,-59.4793,-38.0212,-26.2293,Dependent Territory of the UK,,239.0,0.0,,,,0.0,30.0,Antarctica,3903.0,,,GS,SGS
South Korea,KR,,,Seoul,Asia,Korean Won,Unaffiliated Religions,KRW,.kr,282.0,38.6124,33.1909,125.887,129.585,Republic,1948.0,410.0,0.0,74.4,,"Kimchi, bulgogi",529.6521036,51606633,Eastern Asia,99434.0,11.5,41.8,KR,KOR
South Sudan,SS,,211.0,Juba,Africa,South Sudan Pound,Christianity,SSP,.ss,,12.2191,3.49339,24.1403,35.9406,,2011.0,728.0,1.0,,,,20.3,10975920,Eastern Africa,619745.0,,17.3,SS,SSD
Spain,ES,172.0,34.0,Madrid,Europe,Euro,Christianity,EUR,.es,660.0,43.7914,36.0001,-9.30152,4.32778,Constitutional Monarchy,1492.0,724.0,0.0,78.8,animal,Tortilla española,93.52905826,46796540,Southern Europe,505992.0,13.3,42.7,ES,ESP
Sri Lanka,LK,,,,,,,LKR,.lk,,,,,,,,,0.0,,,,345.558922,21670000,,,,32.8,LK,LKA
Sudan,SD,,249.0,Khartum,Africa,Sudanese Pound,Islam,SDG,.sd,568.0,22.2322,8.68472,21.8278,38.6075,Islamic Republic,1956.0,729.0,0.0,56.6,animal,Ful medames,20.73,41801533,Northern Africa,1886068.0,26.9,19.9,SD,SDN
Suriname,SR,,597.0,Paramaribo,South America,Surinam Dollar,Christianity,SRD,.sr,246.0,6.00455,1.83115,-58.0866,-53.9775,Republic,1975.0,740.0,0.0,71.4,,,3.69225,575991.0,South America,163265.0,25.7,29.8,SR,SUR
Svalbard and Jan Mayen,SJ,,,Longyearbyen,Europe,,,NOK,.sj,,80.7621,79.2203,17.6994,33.2873,Dependent Territory of Norway,,744.0,0.0,,,,0.044,2572.0,Nordic Countries,62422.0,,,SJ,SJM
Swaziland,SZ,,268.0,Mbabane,Africa,Swaziland Lilangeni,Christianity,SZL,.sz,305.0,-25.7196,-27.3171,30.7941,32.1373,Monarchy,1968.0,748.0,1.0,40.4,,,66.05761628,1136191.0,Southern Africa,17364.0,21.4,21.7,SZ,SWZ
Sweden,SE,179.3,46.0,Stockholm,Europe,Swedish Krona,Christianity,SEK,.se,320.0,69.0625,55.3371,11.1187,24.1563,Constitutional Monarchy,836.0,752.0,0.0,79.6,,"Köttbullar, Kräftskiva,Surströmming,Ostkaka",25.00104343,10175214,Nordic Countries,449964.0,2.1,41.2,SE,SWE
Switzerland,CH,176.5,41.0,Bern,Europe,Swiss Franc,Christianity,CHF,.ch,1350.0,47.8053,45.8257,5.95747,10.4915,Federation,1499.0,756.0,1.0,79.6,,"Cervelat,Fondue, Rösti",215.5213784,8513227.0,Western Europe,41284.0,5.5,42.4,CH,CHE
Syria,SY,171.0,963.0,Damascus,Asia,Syrian Pound,Islam,SYP,.sy,514.0,37.3191,32.3107,35.7272,42.385,Republic,1941.0,760.0,0.0,68.5,animal,Kibbeh,92.06710777,16906283,Middle East,185180.0,17.75,24.3,SY,SYR
Tajikistan,TJ,,992.0,Dushanbe,Asia,Tajik Somoni,Islam,TJS,.tj,3186.0,41.0423,36.6741,67.3871,75.1372,Republic,1991.0,762.0,1.0,64.1,,O'sh (pilaf),65.57271417,9100837.0,Southern and Central Asia,143100.0,2.0,24.5,TJ,TJK
Tanzania,TZ,,255.0,Dodoma,Africa,Tanzanian Shilling,Christianity,TZS,.tz,1018.0,-0.990736,-11.7457,29.3272,40.4432,Republic,1961.0,834.0,0.0,52.3,,Ugali,63.5790788,56318348,Eastern Africa,883749.0,22.35,17.7,TZ,TZA
Thailand,TH,166.4,66.0,Bangkok,Asia,Thai Baht,Buddhism,THB,.th,287.0,20.4632,5.61,97.3456,105.639,Constitutional Monarchy,1350.0,764.0,0.0,68.6,,"Pad Thai, Tom Yum Goong",135.8972068,69428524,Southeast Asia,513115.0,26.3,37.7,TH,THA
The Democratic Republic of Congo,CD,,243.0,Kinshasa,Africa,Franc Congolais,,CDF,.cd,,,,,,Republic,1960.0,,,,,,37.08259236,84068091,,,,18.6,CD,COD
Timor-Leste,TL,,,,,,,,,,,,,,,,,,,,,,,,,,,TL,TLS
Togo,TG,,228.0,Lom,Africa,CFA Franc BCEAO,Christianity,XOF,.tg,236.0,11.139,6.10442,-0.14732399999999998,1.8066900000000001,Republic,1960.0,768.0,0.0,54.7,,,145.0467733,7889094.0,Western Africa,56785.0,27.15,19.8,TG,TGO
Tokelau,TK,,690.0,Fakaofo,Oceania,New Zealand Dollar,Christianity,NZD,.tk,,-8.55361,-9.38111,-172.5,-171.211,Nonmetropolitan Territory of New Zealand,,772.0,0.0,,,,115.0,1411.0,Polynesia,12.0,,,TK,TKL
Tonga,TO,,676.0,Nuku'alofa,Oceania,Tongan Pa'anga,Christianity,TOP,.to,,-15.563,-21.4551,-175.682,-173.908,Monarchy,1970.0,776.0,0.0,67.9,,,143.3291667,103197.0,Polynesia,650.0,25.25,23.0,TO,TON
Trinidad and Tobago,TT,,1868.0,Port-of-Spain,North America,Trinidad and Tobago Dollar,Christianity,TTD,.tt,83.0,11.3383,10.0361,-61.9238,-60.5179,Republic,1962.0,780.0,0.0,68.0,,"Callaloo,Doubles",270.9274854,1389858.0,Caribbean,5130.0,25.75,36.0,TT,TTO
Tunisia,TN,170.3,216.0,Tunis,Africa,Tunisian Dollar,Islam,TND,.tn,246.0,37.5439,30.2404,7.52483,11.5983,Republic,1956.0,788.0,0.0,73.7,,"Couscous, Kabkabou",74.44132338,11565204,Northern Africa,163610.0,19.2,31.6,TN,TUN
Turkey,TR,174.1,90.0,Ankara,Asia,Turkish Lira,Islam,TRY,.tr,1132.0,42.1076,35.8154,25.6685,44.835,Republic,1923.0,792.0,0.0,71.0,Other,"Döner kebab, Kuru fasulye with pilav",106.9601289,82319724,Middle East,774815.0,11.1,30.9,TR,TUR
Turkmenistan,TM,,993.0,Ashgabat,Asia,Manat,Islam,TMT,.tm,230.0,42.7956,35.1411,52.4414,66.6843,Republic,1991.0,795.0,1.0,60.9,,Palaw,12.45059477,5850908.0,Southern and Central Asia,488100.0,15.1,27.9,TM,TKM
Turks and Caicos Islands,TC,,1649.0,Cockburn Town,North America,US dollar,Christianity,USD,.tc,,21.9619,21.4226,-72.4839,-71.1236,Dependent Territory of the UK,,796.0,0.0,73.3,,,39.64736842,37665.0,Caribbean,430.0,,33.3,TC,TCA
Tuvalu,TV,,688.0,Funafuti,Oceania,Australian Dollar,Christianity,AUD,.tv,,-5.64197,-10.8012,176.065,179.863,Constitutional Monarchy,1978.0,798.0,0.0,66.3,,,383.6,11508.0,Polynesia,26.0,28.0,25.7,TV,TUV
Uganda,UG,,256.0,Kampala,Africa,Uganda Shilling,Christianity,UGX,.ug,,4.21443,-1.48405,29.5733,35.036,Republic,1962.0,800.0,1.0,42.9,,Matoke,213.0617345,42723139,Eastern Africa,241038.0,22.8,15.8,UG,UGA
Ukraine,UA,175.0,380.0,Kyiv,Europe,Ukraine Hryvnia,Christianity,UAH,.ua,175.0,52.3694,44.3904,22.1289,40.2074,Republic,1991.0,804.0,0.0,66.0,,"Borscht, Varenyky",77.02966735,44622516,Eastern Europe,603700.0,8.3,40.6,UA,UKR
United Arab Emirates,AE,,971.0,Abu Dhabi,Asia,Arab Emirates Dirham,Islam,AED,.ae,149.0,26.0842,22.6333,51.5833,56.3817,Emirate Federation,1971.0,784.0,0.0,74.1,,,135.6091101,9630959.0,Middle East,83600.0,27.0,30.3,AE,ARE
United Kingdom,GB,175.4,44.0,London,Europe,,Christianity,GBP,.gb,,59.3602,49.9062,-8.62356,1.759,Constitutional Monarchy,1066.0,826.0,0.0,77.7,,"Fish and chips,Chicken tikka masala (Indian-British curry)",274.8273922,66460344,British Isles,242900.0,8.45,40.5,GB,GBR
United States,US,176.4,1.0,Washington,North America,US dollar,Christianity,USD,.us,760.0,49.3886,24.5442,-124.733,-66.9548,Federal Republic,1776.0,840.0,0.0,77.1,,"Hamburger, Hot dog, Fried chicken, Buffalo wings, Apple pie",35.76608858,326687501,North America,9363520.0,8.55,38.1,US,USA
United States Minor Outlying Islands,UM,,,,Oceania,US dollar,,USD,,,,,,,Dependent Territory of the US,,,0.0,,,,9.0,300.0,Micronesia/Caribbean,16.0,,,UM,UMI
Uruguay,UY,171.8,598.0,Montevideo,South America,Uruguayan Peso,Christianity,UYU,.uy,109.0,-30.0822,-34.9808,-58.4427,-53.0739,Republic,1828.0,858.0,0.0,75.2,,"Asado, Chivito",19.70802765,3449299.0,South America,175016.0,17.55,35.0,UY,URY
Uzbekistan,UZ,173.4,998.0,Toskent,Asia,Uzbekistan Sum,Islam,UZS,.uz,,45.575,37.1844,55.9966,73.1323,Republic,1991.0,860.0,1.0,63.7,,O'sh,77.46920545,32955400,Southern and Central Asia,447400.0,12.05,28.6,UZ,UZB
Vanuatu,VU,,678.0,Port-Vila,Oceania,Vanuatu Vatu,Christianity,VUV,.vu,,-13.0734,-20.2489,166.525,169.905,Republic,1980.0,548.0,0.0,60.6,,Lap lap,24.00984413,292680.0,Melanesia,12189.0,23.95,22.0,VU,VUT
Venezuela,VE,169.0,58.0,Caracas,South America,Venezuelan Bolivar,Christianity,VEF,.ve,450.0,12.2019,0.626311,-73.3541,-59.8038,Federal Republic,1811.0,862.0,0.0,73.1,,Pabellón criollo,32.73079191,28870195,South America,912050.0,25.35,28.3,VE,VEN
Vietnam,VN,162.1,84.0,Hanoi,Asia,Vietnamese Dong,Folk Religions,VND,.vn,,23.3888,8.55961,102.148,109.465,Socialistic Republic,1945.0,704.0,0.0,69.3,,"Phở, Bún bò Huế",308.1252459,95540395,Southeast Asia,331689.0,24.45,30.5,VN,VNM
"Virgin Islands, British",VG,,,Road Town,North America,US dollar,,USD,.vg,,,,,,,,,0.0,,,,198.68,29802.0,,,,,VG,VGB
"Virgin Islands, U.S.",VI,,,Charlotte Amalie,North America,US dollar,,USD,.vi,,,,,,,,,0.0,,,,305.6485714,106977.0,,,,,VI,VIR
Wallis and Futuna,WF,,681.0,Mata-Utu,Oceania,,Christianity,XPF,.wf,,-13.2168,-14.3146,-178.185,-176.162,Nonmetropolitan Territory of France,,876.0,0.0,,,,83.55,15289.0,Polynesia,200.0,,32.2,WF,WLF
Western Sahara,EH,,,El-Aai,Africa,Moroccan Dirham,Islam,MAD,.eh,256.0,27.6697,20.7742,-17.1032,-8.67028,Occupied by Marocco,,732.0,0.0,49.8,,,2.03,652271.0,Northern Africa,266000.0,,21.1,EH,ESH
Yemen,YE,,967.0,Sanaa,Asia,Yemeni Rial,Islam,YER,.ye,999.0,19.0,12.1111,42.5325,54.5305,Republic,1918.0,887.0,0.0,59.8,,Saltah,53.97785291,28498687,Middle East,527968.0,23.85,19.5,YE,YEM
Zambia,ZM,,260.0,Lusaka,Africa,Zambian Kwacha,Christianity,ZMW,.zm,1138.0,-8.22436,-18.0795,21.9994,33.7057,Republic,1964.0,894.0,1.0,37.2,,,23.3414789,17351822,Eastern Africa,752618.0,21.4,16.8,ZM,ZMB
Zimbabwe,ZW,,263.0,Harare,Africa,Zimbabwe Dollar,Christianity,ZWD,.zw,961.0,-15.6088,-22.4177,25.237,33.0563,Republic,1980.0,716.0,1.0,37.8,,Sadza,37.32459093,14439018,Eastern Africa,390757.0,21.0,20.0,ZW,ZWE
